,0
Butter,Butter
Dun Dun Dance,Dun Dun Dance
헤픈 우연,헤픈 우연
Peaches (Feat. Daniel Caesar & Giveon),Peaches (Feat. Daniel Caesar & Giveon)
롤린 (Rollin'),롤린 (Rollin')
Next Level,Next Level
라일락,라일락
상상더하기,상상더하기
운전만해 (We Ride),운전만해 (We Ride)
Celebrity,Celebrity
Dynamite,Dynamite
Timeless,Timeless
ASAP,ASAP
마.피.아. In the morning,마.피.아. In the morning
라라라,라라라
내 손을 잡아,내 손을 잡아
멜로디,멜로디
밝게 빛나는 별이 되어 비춰줄게,밝게 빛나는 별이 되어 비춰줄게
"사이렌 Remix (Feat. UNEDUCATED KID, Paul Blanco)","사이렌 Remix (Feat. UNEDUCATED KID, Paul Blanco)"
내사람,내사람
체념,체념
"LOVE DAY (2021) (바른연애 길잡이 X 양요섭, 정은지)","LOVE DAY (2021) (바른연애 길잡이 X 양요섭, 정은지)"
Coin,Coin
밤하늘의 별을(2020),밤하늘의 별을(2020)
On The Ground,On The Ground
Savage Love (Laxed - Siren Beat) (BTS Remix),Savage Love (Laxed - Siren Beat) (BTS Remix)
잠이 오질 않네요,잠이 오질 않네요
Lovesick Girls,Lovesick Girls
취기를 빌려 (취향저격 그녀 X 산들),취기를 빌려 (취향저격 그녀 X 산들)
Blueming,Blueming
어푸 (Ah puh),어푸 (Ah puh)
에잇(Prod.&Feat. SUGA of BTS),에잇(Prod.&Feat. SUGA of BTS)
만약에,만약에
그냥 안아달란 말야,그냥 안아달란 말야
작은 것들을 위한 시 (Boy With Luv) (Feat. Halsey),작은 것들을 위한 시 (Boy With Luv) (Feat. Halsey)
VVS (Feat. JUSTHIS) (Prod. GroovyRoom),VVS (Feat. JUSTHIS) (Prod. GroovyRoom)
나랑 같이 걸을래 (바른연애 길잡이 X 적재),나랑 같이 걸을래 (바른연애 길잡이 X 적재)
12:45 (Stripped),12:45 (Stripped)
Life Goes On,Life Goes On
Dolphin,Dolphin
"어떻게 이별까지 사랑하겠어, 널 사랑하는 거지","어떻게 이별까지 사랑하겠어, 널 사랑하는 거지"
봄날,봄날
그날에 나는 맘이 편했을까,그날에 나는 맘이 편했을까
추억은 만남보다 이별에 남아,추억은 만남보다 이별에 남아
흔들리는 꽃들 속에서 네 샴푸향이 느껴진거야,흔들리는 꽃들 속에서 네 샴푸향이 느껴진거야
살다가,살다가
오래된 노래,오래된 노래
"모든 날, 모든 순간 (Every day, Every Moment)","모든 날, 모든 순간 (Every day, Every Moment)"
이 밤을 빌려 말해요 (바른연애 길잡이 X 10CM),이 밤을 빌려 말해요 (바른연애 길잡이 X 10CM)
"친구, 그 오랜시간","친구, 그 오랜시간"
METEOR,METEOR
2002,2002
처음처럼 (Feat. 개리),처음처럼 (Feat. 개리)
살짝 설렜어 (Nonstop),살짝 설렜어 (Nonstop)
너의 번호를 누르고 (Prod. 영화처럼),너의 번호를 누르고 (Prod. 영화처럼)
힘든 건 사랑이 아니다,힘든 건 사랑이 아니다
Off My Face,Off My Face
아로하,아로하
사실 나는 (Feat.전건호),사실 나는 (Feat.전건호)
어떻게 지내 (Prod. By VAN.C),어떻게 지내 (Prod. By VAN.C)
오늘도 빛나는 너에게 (To You My Light) (Feat.이라온),오늘도 빛나는 너에게 (To You My Light) (Feat.이라온)
맛 (Hot Sauce),맛 (Hot Sauce)
I Love U,I Love U
이렇게 좋아해 본 적이 없어요,이렇게 좋아해 본 적이 없어요
Memories,Memories
늦은 밤 너의 집 앞 골목길에서,늦은 밤 너의 집 앞 골목길에서
How You Like That,How You Like That
너의 발걸음에 빛을 비춰줄게 (Prod. 조영수),너의 발걸음에 빛을 비춰줄게 (Prod. 조영수)
이제 나만 믿어요,이제 나만 믿어요
아이와 나의 바다,아이와 나의 바다
Dance Monkey,Dance Monkey
봄 안녕 봄,봄 안녕 봄
마음을 드려요,마음을 드려요
서울의 잠 못 이루는 밤 (Feat. 이수현),서울의 잠 못 이루는 밤 (Feat. 이수현)
If You Love Me (Feat. 주헌 (몬스타엑스)),If You Love Me (Feat. 주헌 (몬스타엑스))
내 마음이 움찔했던 순간 (취향저격 그녀 X 규현),내 마음이 움찔했던 순간 (취향저격 그녀 X 규현)
Love poem,Love poem
기다릴게,기다릴게
감기 (Feat. 창모),감기 (Feat. 창모)
고백 (바른연애 길잡이 X 허각),고백 (바른연애 길잡이 X 허각)
너를 만나,너를 만나
Paris In The Rain,Paris In The Rain
Je T′aime,Je T′aime
When We Disco (Duet with 선미),When We Disco (Duet with 선미)
함께 했는데 이별은 나 혼자인 거야,함께 했는데 이별은 나 혼자인 거야
우린 어쩌다 헤어진 걸까,우린 어쩌다 헤어진 걸까
우리 왜 헤어져야 해,우리 왜 헤어져야 해
시작,시작
Don't Start Now,Don't Start Now
Flu,Flu
거짓말이라도 해서 널 보고싶어,거짓말이라도 해서 널 보고싶어
Maniac,Maniac
Downtown Baby,Downtown Baby
안녕,안녕
혼술하고 싶은 밤,혼술하고 싶은 밤
서면역에서,서면역에서
"내일이 오면 (Feat. 기리보이, BIG Naughty (서동현))","내일이 오면 (Feat. 기리보이, BIG Naughty (서동현))"
죄와벌,죄와벌
되풀이,되풀이
